use transitsoft;

insert into propietario(dni, nombres, apellidos, direccion) values
('45678901', 'Carlos', 'Ramírez Soto', 'Av. Arequipa 1234, Lince, Lima'),
('52348902', 'María', 'Fernández López', 'Jr. Junín 540, Cercado de Lima'),
('67890123', 'Luis', 'Torres Gonzales', 'Av. La Marina 1500, San Miguel'),
('78901234', 'Ana', 'García Paredes', 'Calle Los Cedros 245, Surco'),
('89012345', 'Jorge', 'Pérez Huamán', 'Av. Universitaria 3050, San Martín de Porres'),
('90123456', 'Claudia', 'Rojas Salazar', 'Av. Angamos 890, Miraflores'),
('91234567', 'Fernando', 'Castro Medina', 'Jr. Ica 234, Cercado de Lima'),
('92345678', 'Patricia', 'Quispe Valdez', 'Av. Brasil 3400, Magdalena'),
('93456789', 'Ricardo', 'Delgado Cárdenas', 'Av. Primavera 1100, Surco'),
('94567890', 'Gabriela', 'Chávez Torres', 'Jr. Camaná 765, Cercado de Lima'),
('95678901', 'Héctor', 'Morales Ruiz', 'Av. Faucett 1900, Callao'),
('96789012', 'Mónica', 'Díaz Poma', 'Av. Benavides 2300, Miraflores'),
('97890123', 'Andrés', 'Flores Gutiérrez', 'Calle Mercaderes 89, Barranco'),
('98901234', 'Paola', 'Ortega Silva', 'Av. Javier Prado Este 4500, La Molina'),
('99012345', 'Sofía', 'Mendoza Chávez', 'Calle Bolognesi 200, Miraflores'),
('91122334', 'Manuel', 'Cruz Vargas', 'Av. La Molina 890, Ate'),
('92233445', 'Rosa', 'Espinoza Díaz', 'Jr. Moquegua 456, Cercado de Lima'),
('93344556', 'Diego', 'Suárez Campos', 'Av. Colonial 3200, Callao'),
('94455667', 'Elena', 'Villanueva Paredes', 'Av. Universitaria 1800, Los Olivos'),
('95566778', 'Julio', 'Alarcón Peña', 'Calle Los Álamos 340, San Borja');

insert into vehiculo(placa, marca, modelo, anho) values
('ABC-123', 'Toyota', 'Corolla', 2018),
('BCD-234', 'Hyundai', 'Elantra', 2020),
('CDE-345', 'Kia', 'Rio', 2019),
('DEF-456', 'Chevrolet', 'Spark', 2017),
('EFG-567', 'Nissan', 'Versa', 2021),
('FGH-678', 'Mazda', 'CX-5', 2022),
('GHI-789', 'Honda', 'Civic', 2016),
('HIJ-890', 'Ford', 'Focus', 2018),
('IJK-901', 'Volkswagen', 'Polo', 2020),
('JKL-012', 'Toyota', 'Yaris', 2019),
('KLM-123', 'Hyundai', 'Tucson', 2018),
('LMN-234', 'Kia', 'Sportage', 2021),
('MNO-345', 'Renault', 'Duster', 2019),
('NOP-456', 'Suzuki', 'Swift', 2020),
('OPQ-567', 'Chevrolet', 'Aveo', 2015),
('PQR-678', 'Mitsubishi', 'Outlander', 2021),
('QRS-789', 'Honda', 'HR-V', 2017),
('RST-890', 'Toyota', 'Hilux', 2022),
('STU-901', 'Ford', 'Ranger', 2020),
('TUV-012', 'Mazda', '3', 2019),
('UVW-123', 'Hyundai', 'Accent', 2018),
('VWX-234', 'Nissan', 'Sentra', 2019),
('WXY-345', 'Volkswagen', 'Jetta', 2021),
('XYZ-456', 'Kia', 'Cerato', 2022),
('ZAB-567', 'Toyota', 'Fortuner', 2021);

insert into vehiculo_propietario(id_vehiculo, id_propietario) values
(1, 1),
(2, 2),
(3, 3),
(4, 4),
(5, 5),
(6, 6),
(7, 7),
(8, 8),
(9, 9),
(10, 10),
(11, 11),
(12, 12),
(13, 13),
(14, 14),
(15, 15),
(16, 16),
(17, 17),
(18, 18),
(19, 19),
(20, 20),
(21, 1),
(22, 5),
(23, 7),
(24, 12),
(25, 15);

insert into camara(modelo, codigo_serie, latitud, longitud) values
('Hikvision', 'CAM-LIM-001', -12045678, -77034567), -- Vía Expresa Javier Prado
('Dahua', 'CAM-LIM-002', -12049876, -77038901),    -- Panamericana Sur (Surco)
('Axis', 'CAM-LIM-003', -12051234, -77035678);     -- Av. Universitaria (SMP)

insert into captura(id_camara, placa, velocidad, fecha_captura, estado) values
(1, 'ABC-123', 45.5, '2025-09-18 08:15:00', 'REGISTRADO'),
(2, 'ABC-123', 38.3, '2025-09-19 09:10:00', 'REGISTRADO'),
(3, 'BCD-234', 49.0, '2025-09-19 10:45:00', 'REGISTRADO'),
(1, 'CDE-345', 41.0, '2025-09-18 11:30:00', 'REGISTRADO'),
(2, 'DEF-456', 60.2, '2025-09-20 09:45:00', 'REGISTRADO'),
(3, 'EFG-567', 72.7, '2025-09-20 11:00:00', 'REGISTRADO'),
(1, 'FGH-678', 39.4, '2025-09-18 07:50:00', 'REGISTRADO'),
(2, 'GHI-789', 55.1, '2025-09-19 19:20:00', 'REGISTRADO'),
(3, 'HIJ-890', 44.3, '2025-09-17 18:00:00', 'REGISTRADO'),
(1, 'IJK-901', 36.9, '2025-09-16 22:15:00', 'REGISTRADO'),
(2, 'JKL-012', 47.5, '2025-09-18 12:30:00', 'REGISTRADO'),
(3, 'KLM-123', 53.0, '2025-09-19 14:40:00', 'REGISTRADO'),
(1, 'LMN-234', 40.0, '2025-09-20 15:00:00', 'REGISTRADO'),
(2, 'MNO-345', 48.6, '2025-09-15 16:20:00', 'REGISTRADO'),
(3, 'NOP-456', 59.8, '2025-09-18 17:10:00', 'REGISTRADO'),
(1, 'OPQ-567', 46.0, '2025-09-20 08:45:00', 'REGISTRADO'),
(2, 'PQR-678', 63.4, '2025-09-19 09:25:00', 'REGISTRADO'),
(3, 'QRS-789', 42.2, '2025-09-17 19:30:00', 'REGISTRADO'),
(1, 'RST-890', 68.6, '2025-09-20 21:00:00', 'REGISTRADO'),
(2, 'STU-901', 50.0, '2025-09-19 06:45:00', 'REGISTRADO'),
(3, 'TUV-012', 37.4, '2025-09-20 13:15:00', 'REGISTRADO'),
(1, 'UVW-123', 49.1, '2025-09-18 10:05:00', 'REGISTRADO'),
(2, 'VWX-234', 45.0, '2025-09-17 11:10:00', 'REGISTRADO'),
(3, 'WXY-345', 66.3, '2025-09-19 12:25:00', 'REGISTRADO'),
(1, 'XYZ-456', 43.0, '2025-09-18 20:10:00', 'REGISTRADO'),
(2, 'ZAB-567', 57.9, '2025-09-20 22:40:00', 'REGISTRADO');
